{
  "vs_random_profit": 78.502,
  "vs_random_winrate": 0.718,
  "vs_A_profit": 11.912500000000001,
  "vs_A_winrate": 0.496,
  "vs_B_profit": 76.11425000000001,
  "vs_B_winrate": 0.5800000000000001
}