{
  "vs_random_profit": 120.167,
  "vs_random_winrate": 0.736,
  "vs_A_profit": -7.9999999999999964,
  "vs_A_winrate": 0.6,
  "vs_B_profit": 31.618479439999998,
  "vs_B_winrate": 0.912
}