{
  "vs_random_profit": 98.227,
  "vs_random_winrate": 0.734,
  "vs_A_profit": 1.999999999999993,
  "vs_A_winrate": 0.488,
  "vs_B_profit": 6.4719999999999995,
  "vs_B_winrate": 0.524
}